id,name,model_id:id,group_id:id,perm_read,perm_write,perm_create,perm_unlink
access_ac_customer_master_administrator,ac.customer.master.administrator,model_ac_customer_master,group_ac_customer_receivable_administrator,1,1,1,1
access_ac_customer_job_administrator,ac.customer.job.administrator,model_ac_customer_job,group_ac_customer_receivable_administrator,1,1,1,1
access_ac_customer_master_staff,ac.customer.master.staff,model_ac_customer_master,group_ac_customer_receivable_staff,1,1,1,0
access_ac_customer_job_staff,ac.customer.job.staff,model_ac_customer_job,group_ac_customer_receivable_staff,1,1,1,0
access_ac_service_administrator,ac.service.administrator,model_ac_service,group_ac_customer_receivable_administrator,1,1,1,1
access_ac_service_staff,ac.service.staff,model_ac_service,group_ac_customer_receivable_staff,1,1,1,0
access_ac_customer_job_line_administrator,ac.customer.job.line.administrator,model_ac_customer_job_line,group_ac_customer_receivable_administrator,1,1,1,1
access_ac_customer_job_line_staff,ac.customer.job.line.staff,model_ac_customer_job_line,group_ac_customer_receivable_staff,1,1,1,1
access_ac_customer_job_assign_wizard_staff,ac.customer.job.assign.wizard.staff,model_ac_customer_job_assign_wizard,group_ac_customer_receivable_staff,1,1,1,1
access_ac_customer_job_assign_wizard_administrator,ac.customer.job.assign.wizard.administrator,model_ac_customer_job_assign_wizard,group_ac_customer_receivable_administrator,1,1,1,1
access_ac_customer_job_state_log_staff,ac.customer.job.state.log.staff,model_ac_customer_job_state_log,group_ac_customer_receivable_staff,1,0,0,0
access_ac_customer_job_state_log_administrator,ac.customer.job.state.log.administrator,model_ac_customer_job_state_log,group_ac_customer_receivable_administrator,1,1,1,1
access_ac_customer_job_payment_staff,ac.customer.job.payment.staff,model_ac_customer_job_payment,group_ac_customer_receivable_staff,1,1,1,0
access_ac_customer_job_payment_administrator,ac.customer.job.payment.administrator,model_ac_customer_job_payment,group_ac_customer_receivable_administrator,1,1,1,1
access_ac_customer_job_payment_wizard_staff,ac.customer.job.payment.wizard.staff,model_ac_customer_job_payment_wizard,group_ac_customer_receivable_staff,1,1,1,1
access_ac_customer_job_payment_wizard_administrator,ac.customer.job.payment.wizard.administrator,model_ac_customer_job_payment_wizard,group_ac_customer_receivable_administrator,1,1,1,1
access_ac_customer_job_refund_staff,ac.customer.job.refund.staff,model_ac_customer_job_refund,group_ac_customer_receivable_staff,1,1,1,0
access_ac_customer_job_refund_administrator,ac.customer.job.refund.administrator,model_ac_customer_job_refund,group_ac_customer_receivable_administrator,1,1,1,1
access_ac_customer_job_refund_wizard_staff,ac.customer.job.refund.wizard.staff,model_ac_customer_job_refund_wizard,group_ac_customer_receivable_staff,1,1,1,1
access_ac_customer_job_refund_wizard_administrator,ac.customer.job.refund.wizard.administrator,model_ac_customer_job_refund_wizard,group_ac_customer_receivable_administrator,1,1,1,1
access_res_users_ac_administrator,res.users.ac.administrator,base.model_res_users,group_ac_customer_receivable_administrator,1,1,1,0
access_ac_change_password_wizard_administrator,ac.customer.receivable.change.password.wizard.administrator,model_ac_customer_receivable_change_password_wizard,group_ac_customer_receivable_administrator,1,1,1,1
access_ac_customer_statement_line_staff,ac.customer.statement.line.staff,model_ac_customer_statement_line,group_ac_customer_receivable_staff,1,0,0,0
access_ac_customer_statement_line_administrator,ac.customer.statement.line.administrator,model_ac_customer_statement_line,group_ac_customer_receivable_administrator,1,1,1,1
access_ac_customer_import_wizard_administrator,ac.customer.import.wizard.administrator,model_ac_customer_import_wizard,group_ac_customer_receivable_administrator,1,1,1,1
access_ac_customer_import_wizard_line_administrator,ac.customer.import.wizard.line.administrator,model_ac_customer_import_wizard_line,group_ac_customer_receivable_administrator,1,1,1,1
